member_id,conversation_id,user_id,nickname
201,1,23,
202,2,10,
203,3,20,
204,4,7,
205,5,44,tgiraudot4
206,6,8,
207,7,40,
208,8,48,
209,9,15,
210,10,31,
211,11,21,
212,12,41,
213,13,1,
214,14,21,
215,15,41,
216,16,9,
217,17,24,
218,18,49,
219,19,38,ecasollai
220,20,26,gbathurstj
221,21,10,
222,22,16,
223,23,1,rdawkinsm
224,24,23,
225,25,29,
226,26,7,
227,27,33,
228,28,19,tjakelr
229,29,18,
230,30,31,
231,31,48,fullyottu
232,32,15,ljerzykv
233,33,10,
234,34,19,wgohierx
235,35,33,
236,36,46,
237,37,39,
238,38,16,jgiscken11
239,39,30,kparrot12
240,40,19,
241,41,49,
242,42,18,
243,43,41,
244,44,30,
245,45,21,
246,46,6,
247,47,47,eclitheroe1a
248,48,24,
249,49,47,melis1c
250,50,38,
251,51,6,afishly1e
252,52,30,
253,53,32,zwoolham1g
254,54,17,
255,55,18,
256,56,49,mpudden1j
257,57,8,
258,58,22,
259,59,19,rstallibrass1m
260,60,40,esoars1n
261,61,35,
262,62,17,
263,63,5,
264,64,42,
265,65,44,
266,66,28,
267,67,21,
268,68,43,
269,69,37,
270,70,9,abullivant1x
271,71,29,
272,72,32,gbolter1z
273,73,6,zrablan20
274,74,30,
275,75,25,
276,76,14,
277,77,33,
278,78,10,szarfat25
279,79,32,
280,80,11,
281,81,16,foxborough28
282,82,25,jnono29
283,83,46,
284,84,40,ftilio2b
285,85,37,
286,86,4,fdraycott2d
287,87,40,dkilfether2e
288,88,42,
289,89,38,
290,90,19,
291,91,15,
292,92,38,
293,93,4,
294,94,22,fravillas2l
295,95,41,
296,96,44,
297,97,24,
298,98,45,
299,99,11,
300,100,23,
301,101,1,
302,102,21,
303,103,19,jfone2u
304,104,18,mkiley2v
305,105,5,
306,106,10,wrourke2x
307,107,49,hmassard2y
308,108,8,
309,109,43,
310,110,42,
311,111,24,
312,112,48,agrace33
313,113,35,fvedeneev34
314,114,22,mofen35
315,115,31,
316,116,5,
317,117,39,
318,118,2,
319,119,19,tlendon3a
320,120,38,
321,121,11,
322,122,28,
323,123,40,asreenan3e
324,124,50,
325,125,1,
326,126,5,
327,127,33,skowalik3i
328,128,2,
329,129,23,
330,130,14,
331,131,49,bfyndon3m
332,132,7,wcocksedge3n
333,133,42,
334,134,44,
335,135,10,atorbett3q
336,136,17,
337,137,7,
338,138,9,
339,139,45,
340,140,46,
341,141,33,aramsdell3w
342,142,43,nellingford3x
343,143,17,
344,144,16,
345,145,5,vcafe40
346,146,33,
347,147,24,
348,148,10,fgrimster43
349,149,18,
350,150,32,aschimke45
351,151,24,
352,152,34,
353,153,39,
354,154,37,
355,155,49,
356,156,21,
357,157,15,
358,158,24,
359,159,20,
360,160,35,htoten4f
361,161,25,
362,162,11,
363,163,20,
364,164,27,
365,165,6,
366,166,17,
367,167,41,msobtka4m
368,168,7,
369,169,14,
370,170,16,
371,171,10,
372,172,11,
373,173,27,jtourle4s
374,174,5,
375,175,10,
376,176,45,
377,177,15,
378,178,35,
379,179,37,aboules4y
380,180,39,boles4z
381,181,5,bloy50
382,182,39,fdurbridge51
383,183,17,
384,184,8,
385,185,2,
386,186,49,
387,187,34,
388,188,22,
389,189,20,njindrak58
390,190,6,btitchen59
391,191,21,
392,192,2,wsurgood5b
393,193,43,mbelchem5c
394,194,13,
395,195,8,
396,196,45,
397,197,9,
398,198,19,
399,199,3,
400,200,12,ayetman5j
