id,created_at,updated_at
1,2023-11-14 09:43:52,2023-11-14 09:43:52
2,2023-11-14 09:43:52,2023-11-14 09:43:52
3,2023-11-14 09:43:52,2023-11-14 09:43:52
4,2023-11-14 09:43:52,2023-11-14 09:43:52
5,2023-11-14 09:43:52,2023-11-14 09:43:52
6,2023-11-14 09:43:52,2023-11-14 09:43:52
7,2023-11-14 09:43:52,2023-11-14 09:43:52
8,2023-11-14 09:43:52,2023-11-14 09:43:52
9,2023-11-14 09:43:52,2023-11-14 09:43:52
10,2023-11-14 09:43:52,2023-11-14 09:43:52
11,2023-11-14 09:43:52,2023-11-14 09:43:52
12,2023-11-14 09:43:52,2023-11-14 09:43:52
13,2023-11-14 09:43:52,2023-11-14 09:43:52
14,2023-11-14 09:43:52,2023-11-14 09:43:52
15,2023-11-14 09:43:52,2023-11-14 09:43:52
16,2023-11-14 09:43:52,2023-11-14 09:43:52
17,2023-11-14 09:43:52,2023-11-14 09:43:52
18,2023-11-14 09:43:52,2023-11-14 09:43:52
19,2023-11-14 09:43:52,2023-11-14 09:43:52
20,2023-11-14 09:43:52,2023-11-14 09:43:52
21,2023-11-14 09:43:52,2023-11-14 09:43:52
22,2023-11-14 09:43:52,2023-11-14 09:43:52
23,2023-11-14 09:43:52,2023-11-14 09:43:52
24,2023-11-14 09:43:52,2023-11-14 09:43:52
25,2023-11-14 09:43:52,2023-11-14 09:43:52
26,2023-11-14 09:43:52,2023-11-14 09:43:52
27,2023-11-14 09:43:52,2023-11-14 09:43:52
28,2023-11-14 09:43:52,2023-11-14 09:43:52
29,2023-11-14 09:43:52,2023-11-14 09:43:52
30,2023-11-14 09:43:52,2023-11-14 09:43:52
31,2023-11-14 09:43:52,2023-11-14 09:43:52
32,2023-11-14 09:43:52,2023-11-14 09:43:52
33,2023-11-14 09:43:52,2023-11-14 09:43:52
34,2023-11-14 09:43:52,2023-11-14 09:43:52
35,2023-11-14 09:43:52,2023-11-14 09:43:52
36,2023-11-14 09:43:52,2023-11-14 09:43:52
37,2023-11-14 09:43:52,2023-11-14 09:43:52
38,2023-11-14 09:43:52,2023-11-14 09:43:52
39,2023-11-14 09:43:52,2023-11-14 09:43:52
40,2023-11-14 09:43:52,2023-11-14 09:43:52
41,2023-11-14 09:43:52,2023-11-14 09:43:52
42,2023-11-14 09:43:52,2023-11-14 09:43:52
43,2023-11-14 09:43:52,2023-11-14 09:43:52
44,2023-11-14 09:43:52,2023-11-14 09:43:52
45,2023-11-14 09:43:52,2023-11-14 09:43:52
46,2023-11-14 09:43:52,2023-11-14 09:43:52
47,2023-11-14 09:43:52,2023-11-14 09:43:52
48,2023-11-14 09:43:52,2023-11-14 09:43:52
49,2023-11-14 09:43:52,2023-11-14 09:43:52
50,2023-11-14 09:43:52,2023-11-14 09:43:52
51,2023-11-14 09:43:52,2023-11-14 09:43:52
52,2023-11-14 09:43:52,2023-11-14 09:43:52
53,2023-11-14 09:43:52,2023-11-14 09:43:52
54,2023-11-14 09:43:52,2023-11-14 09:43:52
55,2023-11-14 09:43:52,2023-11-14 09:43:52
56,2023-11-14 09:43:52,2023-11-14 09:43:52
57,2023-11-14 09:43:52,2023-11-14 09:43:52
58,2023-11-14 09:43:52,2023-11-14 09:43:52
59,2023-11-14 09:43:52,2023-11-14 09:43:52
60,2023-11-14 09:43:52,2023-11-14 09:43:52
61,2023-11-14 09:43:52,2023-11-14 09:43:52
62,2023-11-14 09:43:52,2023-11-14 09:43:52
63,2023-11-14 09:43:52,2023-11-14 09:43:52
64,2023-11-14 09:43:52,2023-11-14 09:43:52
65,2023-11-14 09:43:52,2023-11-14 09:43:52
66,2023-11-14 09:43:52,2023-11-14 09:43:52
67,2023-11-14 09:43:52,2023-11-14 09:43:52
68,2023-11-14 09:43:52,2023-11-14 09:43:52
69,2023-11-14 09:43:52,2023-11-14 09:43:52
70,2023-11-14 09:43:52,2023-11-14 09:43:52
71,2023-11-14 09:43:52,2023-11-14 09:43:52
72,2023-11-14 09:43:52,2023-11-14 09:43:52
73,2023-11-14 09:43:52,2023-11-14 09:43:52
74,2023-11-14 09:43:52,2023-11-14 09:43:52
75,2023-11-14 09:43:52,2023-11-14 09:43:52
76,2023-11-14 09:43:52,2023-11-14 09:43:52
77,2023-11-14 09:43:52,2023-11-14 09:43:52
78,2023-11-14 09:43:52,2023-11-14 09:43:52
79,2023-11-14 09:43:52,2023-11-14 09:43:52
80,2023-11-14 09:43:52,2023-11-14 09:43:52
81,2023-11-14 09:43:52,2023-11-14 09:43:52
82,2023-11-14 09:43:52,2023-11-14 09:43:52
83,2023-11-14 09:43:52,2023-11-14 09:43:52
84,2023-11-14 09:43:52,2023-11-14 09:43:52
85,2023-11-14 09:43:52,2023-11-14 09:43:52
86,2023-11-14 09:43:52,2023-11-14 09:43:52
87,2023-11-14 09:43:52,2023-11-14 09:43:52
88,2023-11-14 09:43:52,2023-11-14 09:43:52
89,2023-11-14 09:43:52,2023-11-14 09:43:52
90,2023-11-14 09:43:52,2023-11-14 09:43:52
91,2023-11-14 09:43:52,2023-11-14 09:43:52
92,2023-11-14 09:43:52,2023-11-14 09:43:52
93,2023-11-14 09:43:52,2023-11-14 09:43:52
94,2023-11-14 09:43:52,2023-11-14 09:43:52
95,2023-11-14 09:43:52,2023-11-14 09:43:52
96,2023-11-14 09:43:52,2023-11-14 09:43:52
97,2023-11-14 09:43:52,2023-11-14 09:43:52
98,2023-11-14 09:43:52,2023-11-14 09:43:52
99,2023-11-14 09:43:52,2023-11-14 09:43:52
100,2023-11-14 09:43:52,2023-11-14 09:43:52
101,2023-11-14 09:43:52,2023-11-14 09:43:52
102,2023-11-14 09:43:52,2023-11-14 09:43:52
103,2023-11-14 09:43:52,2023-11-14 09:43:52
104,2023-11-14 09:43:52,2023-11-14 09:43:52
105,2023-11-14 09:43:52,2023-11-14 09:43:52
106,2023-11-14 09:43:52,2023-11-14 09:43:52
107,2023-11-14 09:43:52,2023-11-14 09:43:52
108,2023-11-14 09:43:52,2023-11-14 09:43:52
109,2023-11-14 09:43:52,2023-11-14 09:43:52
110,2023-11-14 09:43:52,2023-11-14 09:43:52
111,2023-11-14 09:43:52,2023-11-14 09:43:52
112,2023-11-14 09:43:52,2023-11-14 09:43:52
113,2023-11-14 09:43:52,2023-11-14 09:43:52
114,2023-11-14 09:43:52,2023-11-14 09:43:52
115,2023-11-14 09:43:52,2023-11-14 09:43:52
116,2023-11-14 09:43:52,2023-11-14 09:43:52
117,2023-11-14 09:43:52,2023-11-14 09:43:52
118,2023-11-14 09:43:52,2023-11-14 09:43:52
119,2023-11-14 09:43:52,2023-11-14 09:43:52
120,2023-11-14 09:43:52,2023-11-14 09:43:52
121,2023-11-14 09:43:52,2023-11-14 09:43:52
122,2023-11-14 09:43:52,2023-11-14 09:43:52
123,2023-11-14 09:43:52,2023-11-14 09:43:52
124,2023-11-14 09:43:52,2023-11-14 09:43:52
125,2023-11-14 09:43:52,2023-11-14 09:43:52
126,2023-11-14 09:43:52,2023-11-14 09:43:52
127,2023-11-14 09:43:52,2023-11-14 09:43:52
128,2023-11-14 09:43:52,2023-11-14 09:43:52
129,2023-11-14 09:43:52,2023-11-14 09:43:52
130,2023-11-14 09:43:52,2023-11-14 09:43:52
131,2023-11-14 09:43:52,2023-11-14 09:43:52
132,2023-11-14 09:43:52,2023-11-14 09:43:52
133,2023-11-14 09:43:52,2023-11-14 09:43:52
134,2023-11-14 09:43:52,2023-11-14 09:43:52
135,2023-11-14 09:43:52,2023-11-14 09:43:52
136,2023-11-14 09:43:52,2023-11-14 09:43:52
137,2023-11-14 09:43:52,2023-11-14 09:43:52
138,2023-11-14 09:43:52,2023-11-14 09:43:52
139,2023-11-14 09:43:52,2023-11-14 09:43:52
140,2023-11-14 09:43:52,2023-11-14 09:43:52
141,2023-11-14 09:43:52,2023-11-14 09:43:52
142,2023-11-14 09:43:52,2023-11-14 09:43:52
143,2023-11-14 09:43:52,2023-11-14 09:43:52
144,2023-11-14 09:43:52,2023-11-14 09:43:52
145,2023-11-14 09:43:52,2023-11-14 09:43:52
146,2023-11-14 09:43:52,2023-11-14 09:43:52
147,2023-11-14 09:43:52,2023-11-14 09:43:52
148,2023-11-14 09:43:52,2023-11-14 09:43:52
149,2023-11-14 09:43:52,2023-11-14 09:43:52
150,2023-11-14 09:43:52,2023-11-14 09:43:52
151,2023-11-14 09:43:52,2023-11-14 09:43:52
152,2023-11-14 09:43:52,2023-11-14 09:43:52
153,2023-11-14 09:43:52,2023-11-14 09:43:52
154,2023-11-14 09:43:52,2023-11-14 09:43:52
155,2023-11-14 09:43:52,2023-11-14 09:43:52
156,2023-11-14 09:43:52,2023-11-14 09:43:52
157,2023-11-14 09:43:52,2023-11-14 09:43:52
158,2023-11-14 09:43:52,2023-11-14 09:43:52
159,2023-11-14 09:43:52,2023-11-14 09:43:52
160,2023-11-14 09:43:52,2023-11-14 09:43:52
161,2023-11-14 09:43:52,2023-11-14 09:43:52
162,2023-11-14 09:43:52,2023-11-14 09:43:52
163,2023-11-14 09:43:52,2023-11-14 09:43:52
164,2023-11-14 09:43:52,2023-11-14 09:43:52
165,2023-11-14 09:43:52,2023-11-14 09:43:52
166,2023-11-14 09:43:52,2023-11-14 09:43:52
167,2023-11-14 09:43:52,2023-11-14 09:43:52
168,2023-11-14 09:43:52,2023-11-14 09:43:52
169,2023-11-14 09:43:52,2023-11-14 09:43:52
170,2023-11-14 09:43:52,2023-11-14 09:43:52
171,2023-11-14 09:43:52,2023-11-14 09:43:52
172,2023-11-14 09:43:52,2023-11-14 09:43:52
173,2023-11-14 09:43:52,2023-11-14 09:43:52
174,2023-11-14 09:43:52,2023-11-14 09:43:52
175,2023-11-14 09:43:52,2023-11-14 09:43:52
176,2023-11-14 09:43:52,2023-11-14 09:43:52
177,2023-11-14 09:43:52,2023-11-14 09:43:52
178,2023-11-14 09:43:52,2023-11-14 09:43:52
179,2023-11-14 09:43:52,2023-11-14 09:43:52
180,2023-11-14 09:43:52,2023-11-14 09:43:52
181,2023-11-14 09:43:52,2023-11-14 09:43:52
182,2023-11-14 09:43:52,2023-11-14 09:43:52
183,2023-11-14 09:43:52,2023-11-14 09:43:52
184,2023-11-14 09:43:52,2023-11-14 09:43:52
185,2023-11-14 09:43:52,2023-11-14 09:43:52
186,2023-11-14 09:43:52,2023-11-14 09:43:52
187,2023-11-14 09:43:52,2023-11-14 09:43:52
188,2023-11-14 09:43:52,2023-11-14 09:43:52
189,2023-11-14 09:43:52,2023-11-14 09:43:52
190,2023-11-14 09:43:52,2023-11-14 09:43:52
191,2023-11-14 09:43:52,2023-11-14 09:43:52
192,2023-11-14 09:43:52,2023-11-14 09:43:52
193,2023-11-14 09:43:52,2023-11-14 09:43:52
194,2023-11-14 09:43:52,2023-11-14 09:43:52
195,2023-11-14 09:43:52,2023-11-14 09:43:52
196,2023-11-14 09:43:52,2023-11-14 09:43:52
197,2023-11-14 09:43:52,2023-11-14 09:43:52
198,2023-11-14 09:43:52,2023-11-14 09:43:52
199,2023-11-14 09:43:52,2023-11-14 09:43:52
200,2023-11-14 09:43:52,2023-11-14 09:43:52
